Time,pAkt,pSmad2,pErk,pS6K,GrowthFactors,TGFb,Everolimus,AZD,MK
0,,,,,1,0,0,0,0
24,,,,,1,0,0,0,0
48,,,,,1,0,0,0,0
70.25,,,,,0,0,0,0,0
70.75,,,,,0,0,0,1,0
71.25,,,,,0,1,0,1,0
72,8.503551226,5.728755914,0.636935528,12.60119632,0,1,0,1,0
