Time,pAkt,pSmad2,pErk,pS6K,GrowthFactors,TGFb,Everolimus,AZD,MK
0,,,,,1,0,0,0,0
24,,,,,1,0,0,0,0
48,,,,,1,0,0,1,0
70.25,,,,,0,0,0,1,0
70.75,,,,,0,0,0,1,0
71.25,,,,,0,1,0,1,0
72,5.030432048,10.92363005,1.094030283,9.972864425,0,1,0,1,0
