Time,pAkt,pSmad2,pErk,pS6K,GrowthFactors,TGFb,Everolimus,AZD,MK
0,,,,,1,0,0,0,0
24,,,,,1,0,0,1,0
48,,,,,1,0,0,1,0
70.25,,,,,0,0,0,1,0
70.75,,,,,0,0,0,1,0
71.25,,,,,0,1,0,1,0
72,3.867147244,14.03062997,1.787051537,10.15172522,0,1,0,1,0
