Time	pAkt	pSmad2	ppErk	pS6K	GrowthFactors_indep	TGFb_indep	Everolimus_indep	AZD_indep	MK2206_indep
0.0					1	0	0	0	0
24.0					1	0	0	1	0
48.0					1	0	0	1	0
70.25					0	0	0	1	0
70.75					0	0	0	1	0
71.25					0	1	0	1	0
72.0	3.867147244	14.03062997	1.787051537	10.15172522	0	1	0	1	0
