Time	pAkt	pSmad2	ppErk	pS6K	GrowthFactors_indep	TGFb_indep	Everolimus_indep	AZD_indep	MK2206_indep
0.0					1	0	0	1	0
24.0					1	0	0	1	0
48.0					1	0	0	1	0
70.25					0	0	0	1	0
70.75					0	0	0	1	0
71.25					0	1	0	1	0
72.0	4.647324655	14.15427095	1.7443751109999999	14.18833265	0	1	0	1	0
