Time,pAkt,pSmad2,pErk,pS6K,GrowthFactors,TGFb,Everolimus,AZD,MK
0,,,,,1,0,0,1,0
24,,,,,1,0,0,1,0
48,,,,,1,0,0,1,0
70.25,,,,,0,0,0,1,0
70.75,,,,,0,0,0,1,0
71.25,,,,,0,1,0,1,0
72,4.647324655,14.15427095,1.744375111,14.18833265,0,1,0,1,0
