Time,pAkt,pSmad2,pErk,pS6K,GrowthFactors,TGFb,Everolimus,AZD,MK
0,,,,,1,0,0,0,0
24,,,,,1,0,0,0,0
48,,,,,1,0,0,0,0
70.25,,,,,0,0,0,0,0
70.75,,,,,0,0,0,0,0
71.25,,,,,0,0,0,0,0
72,5.622826521,2.12503144,19.0636028,16.42063544,0,0,0,0,0
