Time,pAkt,pSmad2,pErk,pS6K,GrowthFactors,TGFb,Everolimus,AZD,MK
0,,,,,1,0,1,1,0
24,,,,,1,0,1,1,0
48,,,,,1,0,1,1,0
70.25,,,,,0,0,1,1,0
70.75,,,,,0,0,1,1,0
71.25,,,,,0,1,1,1,0
72,14.13744447,13.95661533,2.657579909,4.414462252,0,1,1,1,0
