Time,pAkt,pSmad2,pErk,pS6K,GrowthFactors,TGFb,Everolimus,AZD,MK
0,,,,,1,0,1,0,0
24,,,,,1,0,1,0,0
48,,,,,1,0,1,0,0
70.25,,,,,0,0,1,0,0
70.75,,,,,0,0,1,1,0
71.25,,,,,0,1,1,1,0
72,19.72869654,11.28075056,0.849918307,4.67651887,0,1,1,1,0
