Time,pAkt,pSmad2,pErk,pS6K,GrowthFactors,TGFb,Everolimus,AZD,MK
0,,,,,1,0,1,0,0
24,,,,,1,0,1,1,0
48,,,,,1,0,1,1,0
70.25,,,,,0,0,1,1,0
70.75,,,,,0,0,1,1,0
71.25,,,,,0,1,1,1,0
72,14.17968162,14.06642547,1.690982496,4.924897364,0,1,1,1,0
