Time,pAkt,pSmad2,pErk,pS6K,GrowthFactors,TGFb,Everolimus,AZD,MK
0,,,,,1,0,1,0,1
24,,,,,1,0,1,0,1
48,,,,,1,0,1,0,1
70.25,,,,,0,0,1,0,1
70.75,,,,,0,0,1,0,1
71.25,,,,,0,1,1,0,1
72,5.578343299,8.542233848,18.38429616,6.417520429,0,1,1,0,1
