Time,pAkt,pSmad2,pErk,pS6K,GrowthFactors,TGFb,Everolimus,AZD,MK
0,,,,,1,0,0,0,0
24,,,,,1,0,0,0,0
48,,,,,1,0,0,0,0
70.25,,,,,0,0,0,0,0
70.75,,,,,0,0,0,0,1
71.25,,,,,0,1,0,0,1
72,7.853612507,10.97779006,7.868306096,10.30235682,0,1,0,0,1
