Time,pAkt,pSmad2,pErk,pS6K,GrowthFactors,TGFb,Everolimus,AZD,MK
0,,,,,1,0,0,0,0
24,,,,,1,0,0,0,0
48,,,,,1,0,0,0,1
70.25,,,,,0,0,0,0,1
70.75,,,,,0,0,0,0,1
71.25,,,,,0,1,0,0,1
72,5.873276375,7.173259446,8.330804873,11.07781066,0,1,0,0,1
