Time,pAkt,pSmad2,pErk,pS6K,GrowthFactors,TGFb,Everolimus,AZD,MK
0,,,,,1,0,0,0,0
24,,,,,1,0,0,0,1
48,,,,,1,0,0,0,1
70.25,,,,,0,0,0,0,1
70.75,,,,,0,0,0,0,1
71.25,,,,,0,1,0,0,1
72,4.561980165,7.275683901,9.323115017,14.49166839,0,1,0,0,1
