Time,pAkt,pSmad2,pErk,pS6K,GrowthFactors,TGFb,Everolimus,AZD,MK
0,,,,,1,0,0,1,0
24,,,,,1,0,0,1,0
48,,,,,1,0,0,1,0
70.25,,,,,0,0,0,1,0
70.75,,,,,0,0,0,1,0
71.25,,,,,0,1,0,1,0
72,4.477586416,6.354710491,9.899214779,12.52178477,0,1,0,1,0
