Time	pAkt	pSmad2	ppErk	pS6K	GrowthFactors_indep	TGFb_indep	Everolimus_indep	AZD_indep	MK2206_indep
0.0					1	0	0	0	0
24.0					1	0	0	0	0
48.0					1	0	0	1	0
70.25					0	0	0	1	0
70.75					0	0	0	1	0
71.25					0	1	0	1	0
72.0	5.030432048	10.92363005	1.094030283	9.972864425	0	1	0	1	0
