Time	pAkt	pSmad2	ppErk	pS6K	GrowthFactors_indep	TGFb_indep	Everolimus_indep	AZD_indep	MK2206_indep
0.0					1	0	1	0	0
24.0					1	0	1	1	0
48.0					1	0	1	1	0
70.25					0	0	1	1	0
70.75					0	0	1	1	0
71.25					0	1	1	1	0
72.0	14.17968162	14.06642547	1.690982496	4.9248973639999996	0	1	1	1	0
