Time	pAkt	pSmad2	ppErk	pS6K	GrowthFactors_indep	TGFb_indep	Everolimus_indep	AZD_indep	MK2206_indep
0.0					1	0	1	0	1
24.0					1	0	1	0	1
48.0					1	0	1	0	1
70.25					0	0	1	0	1
70.75					0	0	1	0	1
71.25					0	1	1	0	1
72.0	5.578343299	8.542233848	18.38429616	6.417520429	0	1	1	0	1
