Time	pAkt	pSmad2	ppErk	pS6K	GrowthFactors_indep	TGFb_indep	Everolimus_indep	AZD_indep	MK2206_indep
0.0					1	0	0	0	0
24.0					1	0	0	0	1
48.0					1	0	0	0	1
70.25					0	0	0	0	1
70.75					0	0	0	0	1
71.25					0	1	0	0	1
72.0	4.561980165	7.275683901	9.323115017000001	14.49166839	0	1	0	0	1
